mhc_class,tool,dataset,n,n_tmp,n_tmh,f_tmh
1,PureseqTM,schellens,7897,974,109,0.013802709889831581
1,PureseqTM,iedb,631,129,43,0.06814580031695722
1,TMHMM,schellens,7897,780,113,0.014309231353678613
1,TMHMM,iedb,631,127,45,0.07131537242472266
2,PureseqTM,bergseng,12712,5793,498,0.03917558212712398
2,PureseqTM,iedb,1364,104,4,0.002932551319648094
2,TMHMM,bergseng,12712,6023,504,0.039647577092511016
2,TMHMM,iedb,1364,559,19,0.013929618768328446
