target,haplotype,ic50
covid,HLA-A*01:01,1470.5911825371954
covid,HLA-A*02:01,118.95964553584375
covid,HLA-A*03:01,537.0143810067434
covid,HLA-A*24:02,984.8147237716236
covid,HLA-A*26:01,1095.2591309267027
covid,HLA-B*07:02,1215.7734179535623
covid,HLA-B*08:01,886.566054150483
covid,HLA-B*18:01,921.4156869450906
covid,HLA-B*27:05,1186.0963332510544
covid,HLA-B*39:01,437.3506323592883
covid,HLA-B*40:02,585.6308205687981
covid,HLA-B*58:01,435.46932126640536
covid,HLA-B*15:01,281.9129402938641
human,HLA-A*01:01,2545.9537150557094
human,HLA-A*02:01,218.72739670014147
human,HLA-A*03:01,804.7455058589208
human,HLA-A*24:02,1590.0623224010867
human,HLA-A*26:01,1771.6924334968976
human,HLA-B*07:02,705.651374811916
human,HLA-B*08:01,883.0951101356633
human,HLA-B*18:01,1063.2214555992978
human,HLA-B*27:05,689.8815315313424
human,HLA-B*39:01,484.38433767183466
human,HLA-B*40:02,541.2391538394655
human,HLA-B*58:01,591.052602382421
human,HLA-B*15:01,440.6541169397577
myco,HLA-A*01:01,2812.1713798884143
myco,HLA-A*02:01,186.75646515508743
myco,HLA-A*03:01,1544.1072567511806
myco,HLA-A*24:02,1971.8257989182205
myco,HLA-A*26:01,1526.1100770182563
myco,HLA-B*07:02,435.53605795777105
myco,HLA-B*08:01,1023.2212715745427
myco,HLA-B*18:01,1319.0445262646722
myco,HLA-B*27:05,475.61298867546896
myco,HLA-B*39:01,399.38726436821975
myco,HLA-B*40:02,600.1687852998073
myco,HLA-B*58:01,538.9063432659941
myco,HLA-B*15:01,482.8368594820054
