target,haplotype,ic50
covid,HLA-DRB1*0101,7.3896
covid,HLA-DRB1*0301,121.84200000000001
covid,HLA-DRB1*0401,59.878
covid,HLA-DRB1*0405,46.232400000000005
covid,HLA-DRB1*0701,17.7464
covid,HLA-DRB1*0802,99.75919999999999
covid,HLA-DRB1*0901,42.3464
covid,HLA-DRB1*1101,35.9988
covid,HLA-DRB1*1201,194.4408
covid,HLA-DRB1*1302,21.1084
covid,HLA-DRB1*1501,32.6196
covid,HLA-DRB3*0101,175.29840000000002
covid,HLA-DRB3*0202,176.8168
covid,HLA-DRB4*0101,47.6384
covid,HLA-DRB5*0101,32.8872
covid,HLA-DQA1*0501/DQB1*0201,193.11079999999998
covid,HLA-DQA1*0501/DQB1*0301,51.202799999999996
covid,HLA-DQA1*0301/DQB1*0302,361.818
covid,HLA-DQA1*0401/DQB1*0402,214.19320000000002
covid,HLA-DQA1*0101/DQB1*0501,550.4488000000001
covid,HLA-DQA1*0102/DQB1*0602,157.448
human,HLA-DRB1*0101,9.72
human,HLA-DRB1*0301,198.4
human,HLA-DRB1*0401,74.92
human,HLA-DRB1*0405,51.88
human,HLA-DRB1*0701,22.4
human,HLA-DRB1*0802,137.16
human,HLA-DRB1*0901,53.52
human,HLA-DRB1*1101,39.01
human,HLA-DRB1*1201,248.72
human,HLA-DRB1*1302,40.59
human,HLA-DRB1*1501,40.69
human,HLA-DRB3*0101,298.94
human,HLA-DRB3*0202,291.95
human,HLA-DRB4*0101,51.04
human,HLA-DRB5*0101,43.52
human,HLA-DQA1*0501/DQB1*0201,209.89
human,HLA-DQA1*0501/DQB1*0301,43.47
human,HLA-DQA1*0301/DQB1*0302,365.96
human,HLA-DQA1*0401/DQB1*0402,242.68
human,HLA-DQA1*0101/DQB1*0501,674.95
human,HLA-DQA1*0102/DQB1*0602,174.82
myco,HLA-DRB1*0101,9.96
myco,HLA-DRB1*0301,164.49
myco,HLA-DRB1*0401,84.31119999999999
myco,HLA-DRB1*0405,66.71
myco,HLA-DRB1*0701,28.17
myco,HLA-DRB1*0802,67.99
myco,HLA-DRB1*0901,41.54
myco,HLA-DRB1*1101,48.92
myco,HLA-DRB1*1201,289.73
myco,HLA-DRB1*1302,35.41
myco,HLA-DRB1*1501,46.67
myco,HLA-DRB3*0101,218.73
myco,HLA-DRB3*0202,405.8724
myco,HLA-DRB4*0101,62.78
myco,HLA-DRB5*0101,60.23119999999999
myco,HLA-DQA1*0501/DQB1*0201,174.2124
myco,HLA-DQA1*0501/DQB1*0301,20.32
myco,HLA-DQA1*0301/DQB1*0302,296.4712
myco,HLA-DQA1*0401/DQB1*0402,199.8912
myco,HLA-DQA1*0101/DQB1*0501,930.9612
myco,HLA-DQA1*0102/DQB1*0602,114.35119999999998
