"mhc_1_haplotype","percentage"
"HLA-A01-01",0.890000000000001
"HLA-A02-01",0
"HLA-A03-01",0.830000000000001
"HLA-A24-02",0.28
"HLA-A26-01",0.51
"HLA-B07-02",0.81
"HLA-B08-01",0.7
"HLA-B18-01",0.74
"HLA-B27-05",0.880000000000001
"HLA-B39-01",0.23
"HLA-B40-02",0.830000000000001
"HLA-B58-01",0.11
"HLA-B15-01",0.08
